delete from `report` where 1;
delete from `group_users` where 1;
delete from `tp` where 1;
delete from `solution` where 1;
delete from `group` where 1;
delete from `user` where 1;

###########

insert into `user` (`cep`, `cpf`, `created_at`, `email`, `id`, `name`, `role`) values (NULL, '57809395418', now() - interval 35 day, 'dina.duarte@ticket.io', '01f9e8a8-2f7f-4dd0-adbe-707ca34cdadb', 'Dina Duarte', 'd');
insert into `user` (`cep`, `cpf`, `created_at`, `email`, `id`, `name`, `role`) values (NULL, '12938783216', now() - interval 35 day, 'graciela.rodrigues@ticket.io', '0f849450-7f55-4f61-a4a7-49a2fa9ad2a5', 'Graciela Rodrigues', 'd');
insert into `user` (`cep`, `cpf`, `created_at`, `email`, `id`, `name`, `role`) values (NULL, '38096076402', now() - interval 35 day, 'assuncao.ferreira@ticket.io', '1161ae4d-84c7-44e3-8ba5-2bccf52aaa1b', 'Assunção Ferreira', 'd');
insert into `user` (`cep`, `cpf`, `created_at`, `email`, `id`, `name`, `role`) values (NULL, '65412137741', now() - interval 35 day, 'arquiminio.viana@ticket.io', '1cc24240-7251-4916-aab8-3aed627e8ff0', 'Arquimínio Viana', 'd');
insert into `user` (`cep`, `cpf`, `created_at`, `email`, `id`, `name`, `role`) values (NULL, '60791469746', now() - interval 35 day, 'loni.martins@ticket.io', '26105e3a-dc72-49e2-9c05-b139e85632a0', 'Loni Martins', 'd');
insert into `user` (`cep`, `cpf`, `created_at`, `email`, `id`, `name`, `role`) values (NULL, '55478469849', now() - interval 35 day, 'maritana.dacosta@ticket.io', '293f7472-76d8-4b09-8547-f794d4824470', 'Maritana da Costa', 'd');
insert into `user` (`cep`, `cpf`, `created_at`, `email`, `id`, `name`, `role`) values (NULL, '57002357222', now() - interval 35 day, 'nely.silveira@ticket.io', '3cc114e7-0375-42b3-98c7-903354f28fa3', 'Nely Silveira', 'd');
insert into `user` (`cep`, `cpf`, `created_at`, `email`, `id`, `name`, `role`) values (NULL, '15636249370', now() - interval 35 day, 'lindamar.novaes@ticket.io', '3e8e8927-4699-465a-b1bb-5cb84ef43115', 'Lindamar Novaes', 'd');
insert into `user` (`cep`, `cpf`, `created_at`, `email`, `id`, `name`, `role`) values (NULL, '58706432375', now() - interval 35 day, 'natacha.campos@ticket.io', '46e3b2e9-a007-4f17-afba-a9db2ed6fade', 'Natacha Campos', 'd');
insert into `user` (`cep`, `cpf`, `created_at`, `email`, `id`, `name`, `role`) values (NULL, '37651677830', now() - interval 35 day, 'camila.farias@ticket.io', '4866461a-a27b-4539-926d-28b077490fa8', 'Camila Farias', 'd');
insert into `user` (`cep`, `cpf`, `created_at`, `email`, `id`, `name`, `role`) values (NULL, '39251267932', now() - interval 35 day, 'estenia.moura@ticket.io', '49fededa-47e9-4da5-bd94-3e873b0880f6', 'Estênia Moura', 'd');
insert into `user` (`cep`, `cpf`, `created_at`, `email`, `id`, `name`, `role`) values (NULL, '10452229254', now() - interval 35 day, 'flora.gomes@ticket.io', '4d3d87df-a6ed-4495-8986-b233dd2eb94f', 'Flora Gomes', 'd');
insert into `user` (`cep`, `cpf`, `created_at`, `email`, `id`, `name`, `role`) values (NULL, '66826413555', now() - interval 35 day, 'nelita.moraes@ticket.io', '58d77495-260e-4cce-b037-9010dac06243', 'Nelita Moraes', 'd');
insert into `user` (`cep`, `cpf`, `created_at`, `email`, `id`, `name`, `role`) values (NULL, '84084098130', now() - interval 35 day, 'bernardo.daconceicao@ticket.io', '5c96c0dc-c68f-4133-95a9-14f6fe567ccc', 'Bernardo da Conceição', 'd');
insert into `user` (`cep`, `cpf`, `created_at`, `email`, `id`, `name`, `role`) values (NULL, '30757173184', now() - interval 35 day, 'anick.lopes@ticket.io', '69a59040-5ba5-4197-982c-f7569501d5f0', 'Anick Lopes', 'd');
insert into `user` (`cep`, `cpf`, `created_at`, `email`, `id`, `name`, `role`) values (NULL, '75157736330', now() - interval 35 day, 'xisto.darosa@ticket.io', '75f5bc62-8d01-4e4f-854f-99e9c77d9264', 'Xisto da Rosa', 'd');
insert into `user` (`cep`, `cpf`, `created_at`, `email`, `id`, `name`, `role`) values (NULL, '65853616250', now() - interval 35 day, 'marilice.pereira@ticket.io', '76937e61-931d-4997-81ef-4f1e3a8a41c2', 'Marilice Pereira', 'd');
insert into `user` (`cep`, `cpf`, `created_at`, `email`, `id`, `name`, `role`) values (NULL, '21613328510', now() - interval 35 day, 'bete.barros@ticket.io', '7b3ba188-4e06-4e4b-9776-143a91664893', 'Bete Barros', 'd');
insert into `user` (`cep`, `cpf`, `created_at`, `email`, `id`, `name`, `role`) values (NULL, '24408437007', now() - interval 35 day, 'amelly.fernandes@ticket.io', '7e5d2bfe-8832-468a-a600-92b50aec41bc', 'Amelly Fernandes', 'd');
insert into `user` (`cep`, `cpf`, `created_at`, `email`, `id`, `name`, `role`) values (NULL, '51581508131', now() - interval 35 day, 'adelindo.monteiro@ticket.io', '7ea6c127-ae68-475e-b9ca-02666895f5a5', 'Adelindo Monteiro', 'd');
insert into `user` (`cep`, `cpf`, `created_at`, `email`, `id`, `name`, `role`) values (NULL, '77468278041', now() - interval 35 day, 'assuncao.viana@ticket.io', '8869c33d-1240-46e4-a113-20e3d50c6c08', 'Assunção Viana', 'd');
insert into `user` (`cep`, `cpf`, `created_at`, `email`, `id`, `name`, `role`) values (NULL, '13439664880', now() - interval 35 day, 'antenor.cavalcanti@ticket.io', 'a210d621-76a4-416a-b103-79d745aa41ad', 'Antenor Cavalcanti', 'd');
insert into `user` (`cep`, `cpf`, `created_at`, `email`, `id`, `name`, `role`) values (NULL, '27096805131', now() - interval 35 day, 'leo.darosa@ticket.io', 'ac17f39a-0837-40e5-8660-f689162da1ba', 'Leo da Rosa', 'd');
insert into `user` (`cep`, `cpf`, `created_at`, `email`, `id`, `name`, `role`) values (NULL, '17007325425', now() - interval 35 day, 'nadege.dias@ticket.io', 'b2ee0ef7-e9c0-4fc7-8b41-4d91410886eb', 'Nádege Dias', 'd');
insert into `user` (`cep`, `cpf`, `created_at`, `email`, `id`, `name`, `role`) values (NULL, '45429488642', now() - interval 35 day, 'tucha.damota@ticket.io', 'cadc1707-6a2b-4b3a-a979-b546551cc1d6', 'Tucha da Mota', 'd');
insert into `user` (`cep`, `cpf`, `created_at`, `email`, `id`, `name`, `role`) values (NULL, '23012795168', now() - interval 35 day, 'omer.daconceicao@ticket.io', 'cc206a9e-208a-4587-83ca-cd20e644adc8', 'Omer da Conceição', 'd');
insert into `user` (`cep`, `cpf`, `created_at`, `email`, `id`, `name`, `role`) values (NULL, '20714334780', now() - interval 35 day, 'martim.nascimento@ticket.io', 'd3952e5a-6b1b-455c-9d65-acaa6aacd1b2', 'Martim Nascimento', 'd');
insert into `user` (`cep`, `cpf`, `created_at`, `email`, `id`, `name`, `role`) values (NULL, '33690749956', now() - interval 35 day, 'ludovico.farias@ticket.io', 'd3ea046a-b47e-45ad-aa16-8e91973206e8', 'Ludovico Farias', 'd');
insert into `user` (`cep`, `cpf`, `created_at`, `email`, `id`, `name`, `role`) values (NULL, '80370533937', now() - interval 35 day, 'antonelo.desouza@ticket.io', 'dd93c517-7e78-4f5e-ac44-08af742629fc', 'Antonelo de Souza', 'd');
insert into `user` (`cep`, `cpf`, `created_at`, `email`, `id`, `name`, `role`) values (NULL, '82871399077', now() - interval 35 day, 'evandro.duarte@ticket.io', 'fc6bf597-55bd-4a65-89c6-b72736ff4249', 'Evandro Duarte', 'd');
insert into `user` (`cep`, `cpf`, `created_at`, `email`, `id`, `name`, `role`) values (NULL, '77777777777', now() - interval 35 day, 'dev@ticket.io', '3f177b24-f38a-4f5d-b4a6-4bd3127b8856', 'Developer Person', 'd');
insert into `user` (`cep`, `cpf`, `created_at`, `email`, `id`, `name`, `role`) values (NULL, '88888888888', now() - interval 35 day, 'qa@ticket.io', 'f3942b0e-680a-48e6-ba8c-0055ce32197a', 'QA Person', 'q');
insert into `user` (`cep`, `cpf`, `created_at`, `email`, `id`, `name`, `role`) values (NULL, '99999999999', now() - interval 35 day, 'manager@ticket.io', 'ec58461b-4559-483d-b37a-f8a75c2d1610', 'Manager Person', 'g');

###########

insert into `group` (`created_at`, `id`, `name`) values (now() - interval 35 day, '56bbbcb6-077e-48a3-8dda-305c2450445f', 'Wernham Hogg');
insert into `group` (`created_at`, `id`, `name`) values (now() - interval 35 day, '9704b711-f83c-4734-a113-d8706fb33aa6', 'Dunder Miffin');
insert into `group` (`created_at`, `id`, `name`) values (now() - interval 35 day, 'b7f9c9f9-0cb8-4c71-85b1-4c4fbedeeab7', 'Monsters, Inc.');
insert into `group` (`created_at`, `id`, `name`) values (now() - interval 35 day, 'ba781d09-eb65-4a2f-a564-390a63b9e65e', 'ACME Corp.');
insert into `group` (`created_at`, `id`, `name`) values (now() - interval 35 day, 'c3dadcb4-de38-4b0e-8e21-1a5a583f5a76', 'Los Pollos Hermanos');
insert into `group` (`created_at`, `id`, `name`) values (now() - interval 35 day, 'd1d370af-f9fe-4697-9db1-6240769992cf', 'Central Perk');
insert into `group` (`created_at`, `id`, `name`) values (now() - interval 35 day, 'da016800-653e-41f4-a94f-fe3110b9b13a', 'Ghostbusters');
insert into `group` (`created_at`, `id`, `name`) values (now() - interval 35 day, 'e5aaae18-104e-4c23-aeab-f16c3e2f816f', 'Wayne Enterprises');
insert into `group` (`created_at`, `id`, `name`) values (now() - interval 35 day, 'e722557f-753f-4ecc-af16-652797cd3a62', 'S.H.I.E.L.D');
insert into `group` (`created_at`, `id`, `name`) values (now() - interval 35 day, 'ef602e3c-31ee-40b7-8a9e-50b1a3460b57', 'Stark Industries');

###########

insert into `solution` (`author`, `created_at`, `details`, `dev_contact`, `id`, `title`) values ('5c96c0dc-c68f-4133-95a9-14f6fe567ccc', now() - interval 35 day, 'Ao consultar o banco de dados, foi visto que é preciso reinicializar o frontend para evitar excessões que causam crash ao servidor.

Vivamus ultricies mollis nibh, quis dignissim nisl lobortis quis. Vestibulum *id tempus* tellus. Pellentesque at gravida purus, eu mollis nibh. Nunc nec tincidunt quam. Nam commodo urna ut nulla gravida commodo. Morbi in turpis nec nisl auctor rutrum. Quisque ut turpis arcu. ~Fusce mauris nisi~, viverra sit amet faucibus quis, consequat sit amet massa. Vivamus ornare volutpat felis, quis rutrum purus sodales.

- Pellentesque at
- Nunc nec tincidunt quam
- Mollis nibh Nunc nec tincidunt
- Viverra sit amet faucibus quis
- Ultricies mollis', '', '05bba21a-9a30-42e8-a0b4-17778d609193', 'Corrigir implementação do envio de relatórios');
insert into `solution` (`author`, `created_at`, `details`, `dev_contact`, `id`, `title`) values ('69a59040-5ba5-4197-982c-f7569501d5f0', now() - interval 35 day, 'Foi detectado que deve-se excluir entradas desnecessárias do backend para resolver alguns problemas relacionados a instabilidade do servidor.

Vivamus ultricies mollis nibh, quis dignissim nisl lobortis quis. Vestibulum *id tempus* tellus. Pellentesque at gravida purus, eu mollis nibh. Nunc nec tincidunt quam. Nam commodo urna ut nulla gravida commodo. Morbi in turpis nec nisl auctor rutrum. Quisque ut turpis arcu. ~Fusce mauris nisi~, viverra sit amet faucibus quis, consequat sit amet massa. Vivamus ornare volutpat felis, quis rutrum purus sodales.

- Pellentesque at
- Nunc nec tincidunt quam
- Mollis nibh Nunc nec tincidunt
- Viverra sit amet faucibus quis
- Ultricies mollis', 'Ddd', '0734c2b1-3f29-4752-807c-5fbd133ca7ba', 'Substituir um serviço descontinuado ou obsoleto do backend');
insert into `solution` (`author`, `created_at`, `details`, `dev_contact`, `id`, `title`) values ('d3ea046a-b47e-45ad-aa16-8e91973206e8', now() - interval 35 day, 'Ao consultar o banco de dados, foi visto que é preciso refatorar o backend para uma melhorando a experiência de usuário.

Vivamus ultricies mollis nibh, quis dignissim nisl lobortis quis. Vestibulum *id tempus* tellus. Pellentesque at gravida purus, eu mollis nibh. Nunc nec tincidunt quam. Nam commodo urna ut nulla gravida commodo. Morbi in turpis nec nisl auctor rutrum. Quisque ut turpis arcu. ~Fusce mauris nisi~, viverra sit amet faucibus quis, consequat sit amet massa. Vivamus ornare volutpat felis, quis rutrum purus sodales.

- Pellentesque at
- Nunc nec tincidunt quam
- Mollis nibh Nunc nec tincidunt
- Viverra sit amet faucibus quis
- Ultricies mollis', '', '099a0618-fcf5-4c4a-9ea5-8a1d7dedd379', 'Recompilar diariamente o deploy na nuvem do banco de dados');
insert into `solution` (`author`, `created_at`, `details`, `dev_contact`, `id`, `title`) values ('7e5d2bfe-8832-468a-a600-92b50aec41bc', now() - interval 35 day, 'Os desenvolvedores seniores fizeram um teste de estresse e foi concluido que o problema seria resolvido ao reinicializar o banco de dados para melhorar o desempenho.

Vivamus ultricies mollis nibh, quis dignissim nisl lobortis quis. Vestibulum *id tempus* tellus. Pellentesque at gravida purus, eu mollis nibh. Nunc nec tincidunt quam. Nam commodo urna ut nulla gravida commodo. Morbi in turpis nec nisl auctor rutrum. Quisque ut turpis arcu. ~Fusce mauris nisi~, viverra sit amet faucibus quis, consequat sit amet massa. Vivamus ornare volutpat felis, quis rutrum purus sodales.

- Pellentesque at
- Nunc nec tincidunt quam
- Mollis nibh Nunc nec tincidunt
- Viverra sit amet faucibus quis
- Ultricies mollis', '', '0baed131-0295-4d18-8b21-d4a9eb7dada9', 'Reestruturar o frontend');
insert into `solution` (`author`, `created_at`, `details`, `dev_contact`, `id`, `title`) values ('dd93c517-7e78-4f5e-ac44-08af742629fc', now() - interval 35 day, 'Após algumas reuniões com a equipe solucionadora, notamos que bugs similares seriam solucionados com a implantação de um RPA para atualizar regularmente o frontend para evitar loop infito.

Vivamus ultricies mollis nibh, quis dignissim nisl lobortis quis. Vestibulum *id tempus* tellus. Pellentesque at gravida purus, eu mollis nibh. Nunc nec tincidunt quam. Nam commodo urna ut nulla gravida commodo. Morbi in turpis nec nisl auctor rutrum. Quisque ut turpis arcu. ~Fusce mauris nisi~, viverra sit amet faucibus quis, consequat sit amet massa. Vivamus ornare volutpat felis, quis rutrum purus sodales.

- Pellentesque at
- Nunc nec tincidunt quam
- Mollis nibh Nunc nec tincidunt
- Viverra sit amet faucibus quis
- Ultricies mollis', '', '143b3ba1-f497-43c5-add2-297d97cbb1ee', 'Substituir um serviço descontinuado ou obsoleto do deploy automatizado no Heroku');
insert into `solution` (`author`, `created_at`, `details`, `dev_contact`, `id`, `title`) values ('3e8e8927-4699-465a-b1bb-5cb84ef43115', now() - interval 35 day, 'Ao consultar o banco de dados, foi visto que é preciso refatorar a api do chatbot para uma melhor experiência de usuário.

Vivamus ultricies mollis nibh, quis dignissim nisl lobortis quis. Vestibulum *id tempus* tellus. Pellentesque at gravida purus, eu mollis nibh. Nunc nec tincidunt quam. Nam commodo urna ut nulla gravida commodo. Morbi in turpis nec nisl auctor rutrum. Quisque ut turpis arcu. ~Fusce mauris nisi~, viverra sit amet faucibus quis, consequat sit amet massa. Vivamus ornare volutpat felis, quis rutrum purus sodales.

- Pellentesque at
- Nunc nec tincidunt quam
- Mollis nibh Nunc nec tincidunt
- Viverra sit amet faucibus quis
- Ultricies mollis', '', '216ccb21-0b58-469e-abfd-c62b2e675358', 'Reinicializar a compilação final do programa');
insert into `solution` (`author`, `created_at`, `details`, `dev_contact`, `id`, `title`) values ('4d3d87df-a6ed-4495-8986-b233dd2eb94f', now() - interval 35 day, 'Após a equipe de teste realizar alguns procedimentos, foi relatado que será necessário excluir entradas desnecessárias do deploy automatizado no Heroku para obter resultados mais precisos.

Vivamus ultricies mollis nibh, quis dignissim nisl lobortis quis. Vestibulum *id tempus* tellus. Pellentesque at gravida purus, eu mollis nibh. Nunc nec tincidunt quam. Nam commodo urna ut nulla gravida commodo. Morbi in turpis nec nisl auctor rutrum. Quisque ut turpis arcu. ~Fusce mauris nisi~, viverra sit amet faucibus quis, consequat sit amet massa. Vivamus ornare volutpat felis, quis rutrum purus sodales.

- Pellentesque at
- Nunc nec tincidunt quam
- Mollis nibh Nunc nec tincidunt
- Viverra sit amet faucibus quis
- Ultricies mollis', '', '2704e46c-d3ac-4ebd-b994-ca91328a35ff', 'Utilizar um serviço de IA no backend');
insert into `solution` (`author`, `created_at`, `details`, `dev_contact`, `id`, `title`) values ('7e5d2bfe-8832-468a-a600-92b50aec41bc', now() - interval 35 day, 'Após algumas reuniões com a equipe solucionadora, notamos que bugs similares seriam solucionados com a implantação de um RPA para refatorar o frontend para evitar loop infito.

Vivamus ultricies mollis nibh, quis dignissim nisl lobortis quis. Vestibulum *id tempus* tellus. Pellentesque at gravida purus, eu mollis nibh. Nunc nec tincidunt quam. Nam commodo urna ut nulla gravida commodo. Morbi in turpis nec nisl auctor rutrum. Quisque ut turpis arcu. ~Fusce mauris nisi~, viverra sit amet faucibus quis, consequat sit amet massa. Vivamus ornare volutpat felis, quis rutrum purus sodales.

- Pellentesque at
- Nunc nec tincidunt quam
- Mollis nibh Nunc nec tincidunt
- Viverra sit amet faucibus quis
- Ultricies mollis', '', '298d7af1-7625-41a7-8a6d-8ab9b3b9632b', 'Utilizar um serviço de IA no FrontEnd');
insert into `solution` (`author`, `created_at`, `details`, `dev_contact`, `id`, `title`) values ('4d3d87df-a6ed-4495-8986-b233dd2eb94f', now() - interval 35 day, 'Ao consultar o banco de dados, foi visto que é preciso excluir entradas desnecessárias da api do chatbot para evitar dados duplicados.

Vivamus ultricies mollis nibh, quis dignissim nisl lobortis quis. Vestibulum *id tempus* tellus. Pellentesque at gravida purus, eu mollis nibh. Nunc nec tincidunt quam. Nam commodo urna ut nulla gravida commodo. Morbi in turpis nec nisl auctor rutrum. Quisque ut turpis arcu. ~Fusce mauris nisi~, viverra sit amet faucibus quis, consequat sit amet massa. Vivamus ornare volutpat felis, quis rutrum purus sodales.

- Pellentesque at
- Nunc nec tincidunt quam
- Mollis nibh Nunc nec tincidunt
- Viverra sit amet faucibus quis
- Ultricies mollis', '', '2db506ef-34a5-4142-8544-8283226ddc63', 'Excluir entradas desnecessárias da UI de autenticação');
insert into `solution` (`author`, `created_at`, `details`, `dev_contact`, `id`, `title`) values ('3cc114e7-0375-42b3-98c7-903354f28fa3', now() - interval 35 day, 'Foi detectado que deve-se rever erros de sintaxe na compilação final do programa para obter resultados mais precisos.

Vivamus ultricies mollis nibh, quis dignissim nisl lobortis quis. Vestibulum *id tempus* tellus. Pellentesque at gravida purus, eu mollis nibh. Nunc nec tincidunt quam. Nam commodo urna ut nulla gravida commodo. Morbi in turpis nec nisl auctor rutrum. Quisque ut turpis arcu. ~Fusce mauris nisi~, viverra sit amet faucibus quis, consequat sit amet massa. Vivamus ornare volutpat felis, quis rutrum purus sodales.

- Pellentesque at
- Nunc nec tincidunt quam
- Mollis nibh Nunc nec tincidunt
- Viverra sit amet faucibus quis
- Ultricies mollis', '', '3f60031f-2177-4d51-9c3f-f4cf2bffed6c', 'Substituir um serviço descontinuado ou obsoleto do deploy automatizado no Heroku');
insert into `solution` (`author`, `created_at`, `details`, `dev_contact`, `id`, `title`) values ('cadc1707-6a2b-4b3a-a979-b546551cc1d6', now() - interval 35 day, 'Foi detectado que deve-se rever erros de sintaxe no deploy automatizado no Heroku para uma melhor experiência de usuário.

Vivamus ultricies mollis nibh, quis dignissim nisl lobortis quis. Vestibulum *id tempus* tellus. Pellentesque at gravida purus, eu mollis nibh. Nunc nec tincidunt quam. Nam commodo urna ut nulla gravida commodo. Morbi in turpis nec nisl auctor rutrum. Quisque ut turpis arcu. ~Fusce mauris nisi~, viverra sit amet faucibus quis, consequat sit amet massa. Vivamus ornare volutpat felis, quis rutrum purus sodales.

- Pellentesque at
- Nunc nec tincidunt quam
- Mollis nibh Nunc nec tincidunt
- Viverra sit amet faucibus quis
- Ultricies mollis', '', '5ca6fe58-a7c4-42c8-a3e0-ed4025382d44', 'Reinicializar o deploy na nuvem do banco de dados');
insert into `solution` (`author`, `created_at`, `details`, `dev_contact`, `id`, `title`) values ('5c96c0dc-c68f-4133-95a9-14f6fe567ccc', now() - interval 35 day, 'Após algumas reuniões com a equipe solucionadora, notamos que bugs similares seriam solucionados com a implantação de um RPA para reestruturar o deploy na nuvem do banco de dados para evitar dados duplicados.

Vivamus ultricies mollis nibh, quis dignissim nisl lobortis quis. Vestibulum *id tempus* tellus. Pellentesque at gravida purus, eu mollis nibh. Nunc nec tincidunt quam. Nam commodo urna ut nulla gravida commodo. Morbi in turpis nec nisl auctor rutrum. Quisque ut turpis arcu. ~Fusce mauris nisi~, viverra sit amet faucibus quis, consequat sit amet massa. Vivamus ornare volutpat felis, quis rutrum purus sodales.

- Pellentesque at
- Nunc nec tincidunt quam
- Mollis nibh Nunc nec tincidunt
- Viverra sit amet faucibus quis
- Ultricies mollis', '', '6c5a3f2d-ca1d-4415-8d26-7af2c3e67af4', 'Realizar um downgrade para uma versão estável do frontend');
insert into `solution` (`author`, `created_at`, `details`, `dev_contact`, `id`, `title`) values ('7e5d2bfe-8832-468a-a600-92b50aec41bc', now() - interval 35 day, 'Office estava com a licença desativada, sendo o motivo para qual não estava funcionando, feito a ativação o mesmo voltou a funcionar.

Vivamus ultricies mollis nibh, quis dignissim nisl lobortis quis. Vestibulum *id tempus* tellus. Pellentesque at gravida purus, eu mollis nibh. Nunc nec tincidunt quam. Nam commodo urna ut nulla gravida commodo. Morbi in turpis nec nisl auctor rutrum. Quisque ut turpis arcu. ~Fusce mauris nisi~, viverra sit amet faucibus quis, consequat sit amet massa. Vivamus ornare volutpat felis, quis rutrum purus sodales.

- Pellentesque at
- Nunc nec tincidunt quam
- Mollis nibh Nunc nec tincidunt
- Viverra sit amet faucibus quis
- Ultricies mollis', '', '79afc8a3-65b5-4f68-bce1-6a8d93c3ffd3', 'Reparo do office 365');
insert into `solution` (`author`, `created_at`, `details`, `dev_contact`, `id`, `title`) values ('8869c33d-1240-46e4-a113-20e3d50c6c08', now() - interval 35 day, 'Após algumas reuniões com a equipe solucionadora, notamos que bugs similares seriam solucionados com a implantação de um RPA para recompilar diariamente o banco de dados para uma melhor experiência de usuário.

Vivamus ultricies mollis nibh, quis dignissim nisl lobortis quis. Vestibulum *id tempus* tellus. Pellentesque at gravida purus, eu mollis nibh. Nunc nec tincidunt quam. Nam commodo urna ut nulla gravida commodo. Morbi in turpis nec nisl auctor rutrum. Quisque ut turpis arcu. ~Fusce mauris nisi~, viverra sit amet faucibus quis, consequat sit amet massa. Vivamus ornare volutpat felis, quis rutrum purus sodales.

- Pellentesque at
- Nunc nec tincidunt quam
- Mollis nibh Nunc nec tincidunt
- Viverra sit amet faucibus quis
- Ultricies mollis', '', '7b46191e-7dec-4f30-89ec-f0f2bdf2b672', 'Utilizar um serviço de IA no backend');
insert into `solution` (`author`, `created_at`, `details`, `dev_contact`, `id`, `title`) values ('58d77495-260e-4cce-b037-9010dac06243', now() - interval 35 day, 'Foi detectado que deve-se atualizar regularmente o backend para obter resultados mais precisos.

Vivamus ultricies mollis nibh, quis dignissim nisl lobortis quis. Vestibulum *id tempus* tellus. Pellentesque at gravida purus, eu mollis nibh. Nunc nec tincidunt quam. Nam commodo urna ut nulla gravida commodo. Morbi in turpis nec nisl auctor rutrum. Quisque ut turpis arcu. ~Fusce mauris nisi~, viverra sit amet faucibus quis, consequat sit amet massa. Vivamus ornare volutpat felis, quis rutrum purus sodales.

- Pellentesque at
- Nunc nec tincidunt quam
- Mollis nibh Nunc nec tincidunt
- Viverra sit amet faucibus quis
- Ultricies mollis', '', '83358aff-6e05-4408-8911-787069be6d28', 'Substituir um serviço descontinuado ou obsoleto da api do chatbot');
insert into `solution` (`author`, `created_at`, `details`, `dev_contact`, `id`, `title`) values ('26105e3a-dc72-49e2-9c05-b139e85632a0', now() - interval 35 day, 'Ao consultar o banco de dados, foi visto que é preciso reinicializar o banco de dados para resolver alguns problemas relacionados a instabilidade do servidor.

Vivamus ultricies mollis nibh, quis dignissim nisl lobortis quis. Vestibulum *id tempus* tellus. Pellentesque at gravida purus, eu mollis nibh. Nunc nec tincidunt quam. Nam commodo urna ut nulla gravida commodo. Morbi in turpis nec nisl auctor rutrum. Quisque ut turpis arcu. ~Fusce mauris nisi~, viverra sit amet faucibus quis, consequat sit amet massa. Vivamus ornare volutpat felis, quis rutrum purus sodales.

- Pellentesque at
- Nunc nec tincidunt quam
- Mollis nibh Nunc nec tincidunt
- Viverra sit amet faucibus quis
- Ultricies mollis', '', '93157360-2bc8-414a-865f-3207a542d8ae', 'Recompilar diariamente o banco de dados');
insert into `solution` (`author`, `created_at`, `details`, `dev_contact`, `id`, `title`) values ('1161ae4d-84c7-44e3-8ba5-2bccf52aaa1b', now() - interval 35 day, 'Ao consultar o banco de dados, foi visto que é preciso refatorar o frontend para evitar loop infito.

Vivamus ultricies mollis nibh, quis dignissim nisl lobortis quis. Vestibulum *id tempus* tellus. Pellentesque at gravida purus, eu mollis nibh. Nunc nec tincidunt quam. Nam commodo urna ut nulla gravida commodo. Morbi in turpis nec nisl auctor rutrum. Quisque ut turpis arcu. ~Fusce mauris nisi~, viverra sit amet faucibus quis, consequat sit amet massa. Vivamus ornare volutpat felis, quis rutrum purus sodales.

- Pellentesque at
- Nunc nec tincidunt quam
- Mollis nibh Nunc nec tincidunt
- Viverra sit amet faucibus quis
- Ultricies mollis', '', '942aeb27-bcf7-4a56-97b1-c70b55efc6df', 'Reestruturar o deploy na nuvem do banco de dados');
insert into `solution` (`author`, `created_at`, `details`, `dev_contact`, `id`, `title`) values ('3e8e8927-4699-465a-b1bb-5cb84ef43115', now() - interval 35 day, 'Foi detectado que deve-se reestruturar a api do chatbot para otimizar o sistema em computadores mais limitados.

Vivamus ultricies mollis nibh, quis dignissim nisl lobortis quis. Vestibulum *id tempus* tellus. Pellentesque at gravida purus, eu mollis nibh. Nunc nec tincidunt quam. Nam commodo urna ut nulla gravida commodo. Morbi in turpis nec nisl auctor rutrum. Quisque ut turpis arcu. ~Fusce mauris nisi~, viverra sit amet faucibus quis, consequat sit amet massa. Vivamus ornare volutpat felis, quis rutrum purus sodales.

- Pellentesque at
- Nunc nec tincidunt quam
- Mollis nibh Nunc nec tincidunt
- Viverra sit amet faucibus quis
- Ultricies mollis', '', '999ae0e5-5e09-4c26-a9ac-0e0b8841f0b3', 'Utilizar um serviço de IA no deploy na nuvem do banco de dados');
insert into `solution` (`author`, `created_at`, `details`, `dev_contact`, `id`, `title`) values ('d3ea046a-b47e-45ad-aa16-8e91973206e8', now() - interval 35 day, 'Após algumas reuniões com a equipe solucionadora, notamos que bugs similares seriam solucionados com a implantação de um RPA para reinicializar a biblioteca de envio de e-mails para melhorar o desempenho.

Vivamus ultricies mollis nibh, quis dignissim nisl lobortis quis. Vestibulum *id tempus* tellus. Pellentesque at gravida purus, eu mollis nibh. Nunc nec tincidunt quam. Nam commodo urna ut nulla gravida commodo. Morbi in turpis nec nisl auctor rutrum. Quisque ut turpis arcu. ~Fusce mauris nisi~, viverra sit amet faucibus quis, consequat sit amet massa. Vivamus ornare volutpat felis, quis rutrum purus sodales.

- Pellentesque at
- Nunc nec tincidunt quam
- Mollis nibh Nunc nec tincidunt
- Viverra sit amet faucibus quis
- Ultricies mollis', '', 'a346a4c8-f091-44df-b5cb-d8a95539b9fe', 'Excluir entradas desnecessárias do frontend');
insert into `solution` (`author`, `created_at`, `details`, `dev_contact`, `id`, `title`) values ('5c96c0dc-c68f-4133-95a9-14f6fe567ccc', now() - interval 35 day, 'Após algumas reuniões com a equipe solucionadora, notamos que bugs similares seriam solucionados com a implantação de um RPA para excluir entradas desnecessárias da api do chatbot para uma melhor experiência de usuário.

Vivamus ultricies mollis nibh, quis dignissim nisl lobortis quis. Vestibulum *id tempus* tellus. Pellentesque at gravida purus, eu mollis nibh. Nunc nec tincidunt quam. Nam commodo urna ut nulla gravida commodo. Morbi in turpis nec nisl auctor rutrum. Quisque ut turpis arcu. ~Fusce mauris nisi~, viverra sit amet faucibus quis, consequat sit amet massa. Vivamus ornare volutpat felis, quis rutrum purus sodales.

- Pellentesque at
- Nunc nec tincidunt quam
- Mollis nibh Nunc nec tincidunt
- Viverra sit amet faucibus quis
- Ultricies mollis', '', 'a614f554-e67f-4547-8f43-c344d58bd594', 'Refatorar o banco de dados');
insert into `solution` (`author`, `created_at`, `details`, `dev_contact`, `id`, `title`) values ('d3ea046a-b47e-45ad-aa16-8e91973206e8', now() - interval 35 day, 'Após algumas reuniões com a equipe solucionadora, notamos que bugs similares seriam solucionados com a implantação de um RPA para recompilar diariamente a biblioteca de envio de e-mails para otimizar o sistema em computadores mais limitados.

Vivamus ultricies mollis nibh, quis dignissim nisl lobortis quis. Vestibulum *id tempus* tellus. Pellentesque at gravida purus, eu mollis nibh. Nunc nec tincidunt quam. Nam commodo urna ut nulla gravida commodo. Morbi in turpis nec nisl auctor rutrum. Quisque ut turpis arcu. ~Fusce mauris nisi~, viverra sit amet faucibus quis, consequat sit amet massa. Vivamus ornare volutpat felis, quis rutrum purus sodales.

- Pellentesque at
- Nunc nec tincidunt quam
- Mollis nibh Nunc nec tincidunt
- Viverra sit amet faucibus quis
- Ultricies mollis', '', 'aa2fe466-0437-4c8a-970b-c9e93af05358', 'Excluir entradas desnecessárias do frontend');
insert into `solution` (`author`, `created_at`, `details`, `dev_contact`, `id`, `title`) values ('1cc24240-7251-4916-aab8-3aed627e8ff0', now() - interval 35 day, 'Os desenvolvedores seniores fizeram um teste de estresse e foi concluido que o problema seria resolvido ao substituir um serviço descontinuado ou obsoleto do frontend para otimizar o sistema em computadores mais limitados.

Vivamus ultricies mollis nibh, quis dignissim nisl lobortis quis. Vestibulum *id tempus* tellus. Pellentesque at gravida purus, eu mollis nibh. Nunc nec tincidunt quam. Nam commodo urna ut nulla gravida commodo. Morbi in turpis nec nisl auctor rutrum. Quisque ut turpis arcu. ~Fusce mauris nisi~, viverra sit amet faucibus quis, consequat sit amet massa. Vivamus ornare volutpat felis, quis rutrum purus sodales.

- Pellentesque at
- Nunc nec tincidunt quam
- Mollis nibh Nunc nec tincidunt
- Viverra sit amet faucibus quis
- Ultricies mollis', '', 'b5cb8629-33d2-4b03-bd66-59e8496d16c2', 'Reestruturar o banco de dados');
insert into `solution` (`author`, `created_at`, `details`, `dev_contact`, `id`, `title`) values ('1161ae4d-84c7-44e3-8ba5-2bccf52aaa1b', now() - interval 35 day, 'Os desenvolvedores seniores fizeram um teste de estresse e foi concluido que o problema seria resolvido ao reinicializar o deploy na nuvem do banco de dados para evitar loop infito.

Vivamus ultricies mollis nibh, quis dignissim nisl lobortis quis. Vestibulum *id tempus* tellus. Pellentesque at gravida purus, eu mollis nibh. Nunc nec tincidunt quam. Nam commodo urna ut nulla gravida commodo. Morbi in turpis nec nisl auctor rutrum. Quisque ut turpis arcu. ~Fusce mauris nisi~, viverra sit amet faucibus quis, consequat sit amet massa. Vivamus ornare volutpat felis, quis rutrum purus sodales.

- Pellentesque at
- Nunc nec tincidunt quam
- Mollis nibh Nunc nec tincidunt
- Viverra sit amet faucibus quis
- Ultricies mollis', '', 'b699e5a0-8989-4daa-9797-2b0a681f5a3c', 'Utilizar um serviço de IA no deploy na nuvem do banco de dados');
insert into `solution` (`author`, `created_at`, `details`, `dev_contact`, `id`, `title`) values ('b2ee0ef7-e9c0-4fc7-8b41-4d91410886eb', now() - interval 35 day, 'Após algumas reuniões com a equipe solucionadora, notamos que bugs similares seriam solucionados com a implantação de um RPA para realizar um downgrade para uma versão estável da compilação final do programa para melhorar o desempenho.

Vivamus ultricies mollis nibh, quis dignissim nisl lobortis quis. Vestibulum *id tempus* tellus. Pellentesque at gravida purus, eu mollis nibh. Nunc nec tincidunt quam. Nam commodo usque ut turpis arcu. ~Fusce mauris nisi~, viverra sit amet faucibus quis, consequat sit amet massa. Vivamus ornare volutpat felis, quis rutrum purus sodales.

- Pellentesque at
- Nunc nec tincidunt quam
- Mollis nibh Nunc nec tincidunt
- Viverra sit amet faucibus quis
- Ultricies mollis', '', 'bb201aba-be07-4e0d-93c5-8eb08150da7c', 'Realizar um downgrade para uma versão estável da UI de autenticação');
insert into `solution` (`author`, `created_at`, `details`, `dev_contact`, `id`, `title`) values ('7ea6c127-ae68-475e-b9ca-02666895f5a5', now() - interval 35 day, 'Ao consultar o banco de dados, foi visto que é preciso utilizar um serviço de IA no backend para evitar loop infito.

Vivamus ultricies mollis nibh, quis dignissim nisl lobortis quis. Vestibulum *id tempus* tellus. Pellentesque at gravida purus, eu mollis nibh. Nunc nec tincidunt quam. Nam commodo urna ut nulla gravida commodo. Morbi in turpis nec nisl auctor rutrum. Quisque ut turpis arcu. ~Fusce mauris nisi~, viverra sit amet faucibus quis, consequat sit amet massa. Vivamus ornare volutpat felis, quis rutrum purus sodales.

- Pellentesque at
- Nunc nec tincidunt quam
- Mollis nibh Nunc nec tincidunt
- Viverra sit amet faucibus quis
- Ultricies mollis', '', 'd6523de6-794c-45ea-aaaf-9f09fb0304ca', 'Recompilar diariamente a biblioteca de envio de e-mails');
insert into `solution` (`author`, `created_at`, `details`, `dev_contact`, `id`, `title`) values ('fc6bf597-55bd-4a65-89c6-b72736ff4249', now() - interval 35 day, 'Os desenvolvedores seniores fizeram um teste de estresse e foi concluido que o problema seria resolvido ao reestruturar a biblioteca de envio de e-mails para uma melhor experiência de usuário.

Vivamus ultricies mollis nibh, quis dignissim nisl lobortis quis. Vestibulum *id tempus* tellus. Pellentesque at gravida purus, eu mollis nibh. Nunc nec tincidunt quam. Nam commodo urna ut nulla gravida commodo. Morbi in turpis nec nisl auctor rutrum. Quisque ut turpis arcu. ~Fusce mauris nisi~, viverra sit amet faucibus quis, consequat sit amet massa. Vivamus ornare volutpat felis, quis rutrum purus sodales.

- Pellentesque at
- Nunc nec tincidunt quam
- Mollis nibh Nunc nec tincidunt
- Viverra sit amet faucibus quis
- Ultricies mollis', '', 'd68fda3e-c289-4549-ac2c-c761d6cc5bfa', 'Excluir entradas desnecessárias do deploy na nuvem do banco de dados');
insert into `solution` (`author`, `created_at`, `details`, `dev_contact`, `id`, `title`) values ('1161ae4d-84c7-44e3-8ba5-2bccf52aaa1b', now() - interval 35 day, 'Ao consultar o banco de dados, foi visto que é preciso utilizar um serviço de IA no deploy automatizado no Heroku para evitar excessões que causam crash ao servidor.

Vivamus ultricies mollis nibh, quis dignissim nisl lobortis quis. Vestibulum *id tempus* tellus. Pellentesque at gravida purus, eu mollis nibh. Nunc nec tincidunt quam. Nam commodo urna ut nulla gravida commodo. Morbi in turpis nec nisl auctor rutrum. Quisque ut turpis arcu. ~Fusce mauris nisi~, viverra sit amet faucibus quis, consequat sit amet massa. Vivamus ornare volutpat felis, quis rutrum purus sodales.

- Pellentesque at
- Nunc nec tincidunt quam
- Mollis nibh Nunc nec tincidunt
- Viverra sit amet faucibus quis
- Ultricies mollis', '', 'ddea813e-3e8a-4b85-b2f8-343a74d57095', 'Reinicializar a api do chatbot');
insert into `solution` (`author`, `created_at`, `details`, `dev_contact`, `id`, `title`) values ('d3952e5a-6b1b-455c-9d65-acaa6aacd1b2', now() - interval 35 day, 'Após a equipe de teste realizar alguns procedimentos, foi relatado que será necessário reestruturar a compilação final do programa para melhorar o desempenho.

Vivamus ultricies mollis nibh, quis dignissim nisl lobortis quis. Vestibulum *id tempus* tellus. Pellentesque at gravida purus, eu mollis nibh. Nunc nec tincidunt quam. Nam commodo urna ut nulla gravida commodo. Morbi in turpis nec nisl auctor rutrum. Quisque ut turpis arcu. ~Fusce mauris nisi~, viverra sit amet faucibus quis, consequat sit amet massa. Vivamus ornare volutpat felis, quis rutrum purus sodales.

- Pellentesque at
- Nunc nec tincidunt quam
- Mollis nibh Nunc nec tincidunt
- Viverra sit amet faucibus quis
- Ultricies mollis', '', 'e83090fb-b29a-4031-8cdc-7b718efe9c61', 'Reestruturar o backend');
insert into `solution` (`author`, `created_at`, `details`, `dev_contact`, `id`, `title`) values ('a210d621-76a4-416a-b103-79d745aa41ad', now() - interval 35 day, 'Após a equipe de teste realizar alguns procedimentos, foi relatado que será necessário substituir um serviço descontinuado ou obsoleto do frontend para evitar dados duplicados.

Vivamus ultricies mollis nibh, quis dignissim nisl lobortis quis. Vestibulum *id tempus* tellus. Pellentesque at gravida purus, eu mollis nibh. Nunc nec tincidunt quam. Nam commodo urna ut nulla gravida commodo. Morbi in turpis nec nisl auctor rutrum. Quisque ut turpis arcu. ~Fusce mauris nisi~, viverra sit amet faucibus quis, consequat sit amet massa. Vivamus ornare volutpat felis, quis rutrum purus sodales.

- Pellentesque at
- Nunc nec tincidunt quam
- Mollis nibh Nunc nec tincidunt
- Viverra sit amet faucibus quis
- Ultricies mollis', '', 'f0fecfbf-eb31-4c4f-a33e-aae6d442984e', 'Refatorar o backend');
insert into `solution` (`author`, `created_at`, `details`, `dev_contact`, `id`, `title`) values ('cadc1707-6a2b-4b3a-a979-b546551cc1d6', now() - interval 35 day, 'Deve verificar se há alguma atualização estável a ser feita no banco de dados a cada 10 dias para resolver problemas de instabilidade.

Vivamus ultricies mollis nibh, quis dignissim nisl lobortis quis. Vestibulum *id tempus* tellus. Pellentesque at gravida purus, eu mollis nibh. Nunc nec tincidunt quam. Nam commodo urna ut nulla gravida commodo. Morbi in turpis nec nisl auctor rutrum. Quisque ut turpis arcu. ~Fusce mauris nisi~, viverra sit amet faucibus quis, consequat sit amet massa. Vivamus ornare volutpat felis, quis rutrum purus sodales.

- Pellentesque at
- Nunc nec tincidunt quam
- Mollis nibh Nunc nec tincidunt
- Viverra sit amet faucibus quis
- Ultricies mollis', '', 'fc744631-3c65-4248-b571-c5f2bece8f59', 'Atualizar regularmente o banco de dados');

###########

insert into `tp` (`author`, `conclusion`, `created_at`, `desc`, `dev_contact`, `drive_doc_id`, `group_id`, `id`, `incidents_count`, `prev_conclusion`, `root_cause`, `title`) values ('293f7472-76d8-4b09-8547-f794d4824470', NULL,                    now() - interval 35 day, 'Dado o fluxo de dados atual, o deploy automatizado no Heroku complexificou o merge de compilação multi-plataforma de forma asincrona.',                                  '', NULL,                                 'ef602e3c-31ee-40b7-8a9e-50b1a3460b57', '008df8dd-01f6-4974-9d85-fd7056ee6ca3', 1,  now() - interval 15 day, NULL,                                   'A api do chatbot apresentou um loop infinito');
insert into `tp` (`author`, `conclusion`, `created_at`, `desc`, `dev_contact`, `drive_doc_id`, `group_id`, `id`, `incidents_count`, `prev_conclusion`, `root_cause`, `title`) values ('293f7472-76d8-4b09-8547-f794d4824470', NULL,                    now() - interval 35 day, 'Com este commit, o gerenciador de dependências do frontend afetou o desempenho na renderização dos argumentos de estados estáticos nos componentes da UI.',              '', NULL,                                 'ba781d09-eb65-4a2f-a564-390a63b9e65e', '087ec84a-3566-438a-a08f-c1ca47304a2a', 1,  now() - interval 10 day, NULL,                                   'O gerenciador de dependências do frontend causou uma excessão no servidor');
insert into `tp` (`author`, `conclusion`, `created_at`, `desc`, `dev_contact`, `drive_doc_id`, `group_id`, `id`, `incidents_count`, `prev_conclusion`, `root_cause`, `title`) values ('7e5d2bfe-8832-468a-a600-92b50aec41bc', NULL,                    now() - interval 35 day, 'Com este commit, o módulo de recursão paralela gerou um bug do JSON compilado a partir de proto-buffers.',                                                               '', NULL,                                 '9704b711-f83c-4734-a113-d8706fb33aa6', '0f8afec0-4fba-4c41-9d64-71e2c6ab7422', 3,  now() - interval 5 day,  NULL,                                   'A estrutura atual da organização deletou todas as entradas');
insert into `tp` (`author`, `conclusion`, `created_at`, `desc`, `dev_contact`, `drive_doc_id`, `group_id`, `id`, `incidents_count`, `prev_conclusion`, `root_cause`, `title`) values ('293f7472-76d8-4b09-8547-f794d4824470', NULL,                    now() - interval 35 day, 'A equipe de suporte precisa saber que a compilação final do programa complexificou o merge de uma configuração Webpack eficiente nos builds.',                           '', NULL,                                 'ef602e3c-31ee-40b7-8a9e-50b1a3460b57', '1407b5e9-9f27-4bac-b1ae-73fdc05644c9', 3,  now() - interval 5 day,  NULL,                                   'O deploy automatizado no Heroku deletou todas as entradas');
insert into `tp` (`author`, `conclusion`, `created_at`, `desc`, `dev_contact`, `drive_doc_id`, `group_id`, `id`, `incidents_count`, `prev_conclusion`, `root_cause`, `title`) values ('293f7472-76d8-4b09-8547-f794d4824470', NULL,                    now() - interval 35 day, 'Muitos clientes relataram que a estrutura atual da organização dificultou a resolução de conflito do fluxo de dados de estados estáticos nos componentes da UI.',        '', NULL,                                 'ef602e3c-31ee-40b7-8a9e-50b1a3460b57', '22571715-9603-4171-9508-569ec97d78f3', 2,  now() - interval 5 day,  NULL,                                   'A api do chatbot causou uma excessão no servidor');
insert into `tp` (`author`, `conclusion`, `created_at`, `desc`, `dev_contact`, `drive_doc_id`, `group_id`, `id`, `incidents_count`, `prev_conclusion`, `root_cause`, `title`) values ('3e8e8927-4699-465a-b1bb-5cb84ef43115', NULL,                    now() - interval 35 day, 'Com este commit, a otimização de performance da renderização do DOM otimizou a renderização do fluxo de dados de forma retroativa no server.',                           '', NULL,                                 '9704b711-f83c-4734-a113-d8706fb33aa6', '26f33c51-90d9-4afd-987d-dada62def334', 1,  now() - interval 3 day,  NULL,                                   'Race condition no servidor de DNS');
insert into `tp` (`author`, `conclusion`, `created_at`, `desc`, `dev_contact`, `drive_doc_id`, `group_id`, `id`, `incidents_count`, `prev_conclusion`, `root_cause`, `title`) values ('293f7472-76d8-4b09-8547-f794d4824470', NULL,                    now() - interval 35 day, 'Nesse pull request, o deploy automatizado no Heroku diminuiu o desempenho de uma configuração Webpack eficiente nos builds.',                                            '', NULL,                                 'ba781d09-eb65-4a2f-a564-390a63b9e65e', '39cdd0ee-c504-48fb-be10-eb62227997a4', 1,  now() - interval 3 day,  NULL,                                   'O último pull request desse SCRUM gerou um bug');
insert into `tp` (`author`, `conclusion`, `created_at`, `desc`, `dev_contact`, `drive_doc_id`, `group_id`, `id`, `incidents_count`, `prev_conclusion`, `root_cause`, `title`) values ('d3ea046a-b47e-45ad-aa16-8e91973206e8', NULL,                    now() - interval 35 day, 'Usuários relatam terem tentado fazer login e continuar na mesma página sem obter nenhuma resposta.',                                                                     '', NULL,                                 'da016800-653e-41f4-a94f-fe3110b9b13a', '3d33aa01-3855-4620-ab1c-128ade641506', 2,  now() - interval 3 day,  NULL,                                   'Login irresponsivo');
insert into `tp` (`author`, `conclusion`, `created_at`, `desc`, `dev_contact`, `drive_doc_id`, `group_id`, `id`, `incidents_count`, `prev_conclusion`, `root_cause`, `title`) values ('293f7472-76d8-4b09-8547-f794d4824470', NULL,                    now() - interval 35 day, 'Nesse pull request, a compilação final do programa afetou o desempenho na renderização dos argumentos de estados estáticos nos componentes da UI.',                      '', NULL,                                 '56bbbcb6-077e-48a3-8dda-305c2450445f', '4b0bce95-3ce5-4039-8675-1ac642808025', 4,  now() - interval 2 day,  NULL,                                   'O último pull request desse SCRUM afetou o desempenho na renderização dos argumentos');
insert into `tp` (`author`, `conclusion`, `created_at`, `desc`, `dev_contact`, `drive_doc_id`, `group_id`, `id`, `incidents_count`, `prev_conclusion`, `root_cause`, `title`) values ('293f7472-76d8-4b09-8547-f794d4824470', NULL,                    now() - interval 35 day, 'Explica pro Product Onwer que o gerenciador de dependências do frontend afetou o desempenho na renderização dos argumentos de estados estáticos nos componentes da UI.', '', NULL,                                 'ef602e3c-31ee-40b7-8a9e-50b1a3460b57', '4e71d24c-526f-4747-ad5f-95bc5e9dea13', 2,  now() - interval 2 day,  NULL,                                   'A estrutura atual da organização complexificou o merge');
insert into `tp` (`author`, `conclusion`, `created_at`, `desc`, `dev_contact`, `drive_doc_id`, `group_id`, `id`, `incidents_count`, `prev_conclusion`, `root_cause`, `title`) values ('293f7472-76d8-4b09-8547-f794d4824470', NULL,                    now() - interval 35 day, 'Fala pro cliente que a UI de autenticação realizou operações duplicadas de estados estáticos nos componentes da UI.',                                                    '', NULL,                                 'ef602e3c-31ee-40b7-8a9e-50b1a3460b57', '534ee242-740a-4a0c-94da-e6fc109c8180', 2,  now() + interval 27 day, NULL,                                   'O serviço de autorizações gerou um bug');
insert into `tp` (`author`, `conclusion`, `created_at`, `desc`, `dev_contact`, `drive_doc_id`, `group_id`, `id`, `incidents_count`, `prev_conclusion`, `root_cause`, `title`) values ('76937e61-931d-4997-81ef-4f1e3a8a41c2', NULL,                    now() - interval 35 day, 'O sistema não permite que usuários se registram com nomes com acentos, hífens, cedilhas e outros caracteres de outros alfabetos.',                                       '', NULL,                                 'c3dadcb4-de38-4b0e-8e21-1a5a583f5a76', '651c995f-41df-4d5c-b8fd-29d799889b7f', 2,  now() + interval 25 day, NULL,                                   'Impossibilidade de registrar nomes com caracteres especiais ');
insert into `tp` (`author`, `conclusion`, `created_at`, `desc`, `dev_contact`, `drive_doc_id`, `group_id`, `id`, `incidents_count`, `prev_conclusion`, `root_cause`, `title`) values ('7e5d2bfe-8832-468a-a600-92b50aec41bc', NULL,                    now() - interval 35 day, 'Com este commit, a compilação final do programa gerou um bug na organização alfanumérico dos arrays multidimensionais.',                                                 '', NULL,                                 'da016800-653e-41f4-a94f-fe3110b9b13a', '6b8073f1-8e1c-4a85-9481-d36d6c92a230', 2,  now() + interval 23 day, NULL,                                   'A compilação final do programa complexificou o merge');
insert into `tp` (`author`, `conclusion`, `created_at`, `desc`, `dev_contact`, `drive_doc_id`, `group_id`, `id`, `incidents_count`, `prev_conclusion`, `root_cause`, `title`) values ('293f7472-76d8-4b09-8547-f794d4824470', NULL,                    now() - interval 35 day, 'Desde ontem a noite o serviço de autorizações afetou o desempenho na renderização dos argumentos na organização alfanumérico dos arrays multidimensionais.',             '', NULL,                                 'e5aaae18-104e-4c23-aeab-f16c3e2f816f', '6c5ec6e0-5701-41ba-81c3-16093e55c6ed', 1,  now() + interval 21 day, NULL,                                   'A otimização de performance da renderização do DOM apresentou um loop infinito');
insert into `tp` (`author`, `conclusion`, `created_at`, `desc`, `dev_contact`, `drive_doc_id`, `group_id`, `id`, `incidents_count`, `prev_conclusion`, `root_cause`, `title`) values ('293f7472-76d8-4b09-8547-f794d4824470', NULL,                    now() - interval 35 day, 'Fala pro cliente que a atualização nas tabelas do banco de dados apresentou um loop infinito na organização alfanumérico dos arrays multidimensionais.',                 '', NULL,                                 'ba781d09-eb65-4a2f-a564-390a63b9e65e', '8945dda1-0e48-485f-a3e1-9b1780b43dec', 2,  now() + interval 18 day, NULL,                                   'A compilação final do programa realizou operações duplicadas');
insert into `tp` (`author`, `conclusion`, `created_at`, `desc`, `dev_contact`, `drive_doc_id`, `group_id`, `id`, `incidents_count`, `prev_conclusion`, `root_cause`, `title`) values ('293f7472-76d8-4b09-8547-f794d4824470', NULL,                    now() - interval 35 day, 'A equipe de suporte precisa saber que a UI de autenticação complexificou o merge na organização alfanumérico dos arrays multidimensionais.',                             '', NULL,                                 'e722557f-753f-4ecc-af16-652797cd3a62', '9322fe41-0004-4773-b34a-790d6acd193a', 8,  now() + interval 18 day, NULL,                                   'O deploy automatizado no Heroku afetou o desempenho na renderização dos argumentos');
insert into `tp` (`author`, `conclusion`, `created_at`, `desc`, `dev_contact`, `drive_doc_id`, `group_id`, `id`, `incidents_count`, `prev_conclusion`, `root_cause`, `title`) values ('3cc114e7-0375-42b3-98c7-903354f28fa3', NULL,                    now() - interval 35 day, 'A equipe de suporte precisa saber que o último pull request desse SCRUM deletou todas as entradas na criação de novos polyfills para suportar os processos.',            '', NULL,                                 '56bbbcb6-077e-48a3-8dda-305c2450445f', '964f828e-ffae-4e9e-b1a8-1a477df0283f', 1,  now() + interval 17 day, NULL,                                   'O módulo de recursão paralela deletou todas as entradas');
insert into `tp` (`author`, `conclusion`, `created_at`, `desc`, `dev_contact`, `drive_doc_id`, `group_id`, `id`, `incidents_count`, `prev_conclusion`, `root_cause`, `title`) values ('293f7472-76d8-4b09-8547-f794d4824470', NULL,                    now() - interval 35 day, 'Nesse pull request, o serviço de autorizações está apresentando dados imprecisos de compilação multi-plataforma de forma asincrona.',                                    '', NULL,                                 '56bbbcb6-077e-48a3-8dda-305c2450445f', '9a101dcb-8ee8-44b6-a67f-6cd781ce13af', 4,  now() + interval 15 day, NULL,                                   'O último pull request desse SCRUM diminuiu o desempenho');
insert into `tp` (`author`, `conclusion`, `created_at`, `desc`, `dev_contact`, `drive_doc_id`, `group_id`, `id`, `incidents_count`, `prev_conclusion`, `root_cause`, `title`) values ('58d77495-260e-4cce-b037-9010dac06243', NULL,                    now() - interval 35 day, 'Explica pro Product Onwer que a api do chatbot crashou o serviço de compilação multi-plataforma de forma asincrona.',                                                    '', NULL,                                 '56bbbcb6-077e-48a3-8dda-305c2450445f', 'a2d4f4ba-942f-4ab1-8071-7d6339f6e150', 3,  now() + interval 15 day, NULL,                                   'A estrutura atual da organização dificultou a resolução de conflito do fluxo de dados');
insert into `tp` (`author`, `conclusion`, `created_at`, `desc`, `dev_contact`, `drive_doc_id`, `group_id`, `id`, `incidents_count`, `prev_conclusion`, `root_cause`, `title`) values ('293f7472-76d8-4b09-8547-f794d4824470', NULL,                    now() - interval 35 day, 'Explica pro Product Onwer que o último pull request desse SCRUM realizou operações duplicadas de compilação multi-plataforma de forma asincrona.',                       '', NULL,                                 'da016800-653e-41f4-a94f-fe3110b9b13a', 'a645b714-52c6-4de2-bb7a-09b8d229a388', 6,  now() + interval 13 day, NULL,                                   'A api do chatbot afetou o desempenho na renderização dos argumentos');
insert into `tp` (`author`, `conclusion`, `created_at`, `desc`, `dev_contact`, `drive_doc_id`, `group_id`, `id`, `incidents_count`, `prev_conclusion`, `root_cause`, `title`) values ('293f7472-76d8-4b09-8547-f794d4824470', NULL,                    now() - interval 35 day, 'Dado o fluxo de dados atual, a compilação final do programa realizou operações duplicadas do JSON compilado a partir de proto-buffers.',                                 '', NULL,                                 'da016800-653e-41f4-a94f-fe3110b9b13a', 'a9a4d738-a315-415a-a1f5-5247b06c3a3d', 5,  now() + interval 13 day, NULL,                                   'A otimização de performance da renderização do DOM realizou operações duplicadas');
insert into `tp` (`author`, `conclusion`, `created_at`, `desc`, `dev_contact`, `drive_doc_id`, `group_id`, `id`, `incidents_count`, `prev_conclusion`, `root_cause`, `title`) values ('293f7472-76d8-4b09-8547-f794d4824470', NULL,                    now() - interval 35 day, 'Explica pro Product Onwer que a estrutura atual da organização complexificou o merge de compilação multi-plataforma de forma asincrona.',                                '', NULL,                                 '56bbbcb6-077e-48a3-8dda-305c2450445f', 'ab4eaae7-e5f0-47cb-96fe-4a5558fc8a82', 4,  now() + interval 12 day, NULL,                                   'A compilação final do programa causou uma excessão no servidor');
insert into `tp` (`author`, `conclusion`, `created_at`, `desc`, `dev_contact`, `drive_doc_id`, `group_id`, `id`, `incidents_count`, `prev_conclusion`, `root_cause`, `title`) values ('293f7472-76d8-4b09-8547-f794d4824470', NULL,                    now() - interval 35 day, 'Desde ontem a noite a UI de autenticação diminuiu o desempenho na criação de novos polyfills para suportar os processos.',                                               '', NULL,                                 '56bbbcb6-077e-48a3-8dda-305c2450445f', 'b834416b-a204-49bc-82f0-884d597efef9', 2,  now() + interval 11 day, NULL,                                   'A atualização nas tabelas do banco de dados complexificou o merge');
insert into `tp` (`author`, `conclusion`, `created_at`, `desc`, `dev_contact`, `drive_doc_id`, `group_id`, `id`, `incidents_count`, `prev_conclusion`, `root_cause`, `title`) values ('293f7472-76d8-4b09-8547-f794d4824470', NULL,                    now() - interval 35 day, 'Fala pro cliente que o módulo de recursão paralela deletou todas as entradas de compilação multi-plataforma de forma asincrona.',                                        '', NULL,                                 'ba781d09-eb65-4a2f-a564-390a63b9e65e', 'bb9c0b1a-1b15-43c7-afda-609de2fc3a2a', 3,  now() + interval 9 day,  NULL,                                   'O último pull request desse SCRUM dificultou a resolução de conflito do fluxo de dados');
insert into `tp` (`author`, `conclusion`, `created_at`, `desc`, `dev_contact`, `drive_doc_id`, `group_id`, `id`, `incidents_count`, `prev_conclusion`, `root_cause`, `title`) values ('293f7472-76d8-4b09-8547-f794d4824470', NULL,                    now() - interval 35 day, 'Nesse pull request, o gerenciador de dependências do frontend apresentou um loop infinito de estados estáticos nos componentes da UI.',                                  '', NULL,                                 'd1d370af-f9fe-4697-9db1-6240769992cf', 'cf474092-67f4-47f7-b2e4-9de41a049660', 2,  now() + interval 9 day,  NULL,                                   'O serviço de autorizações afetou o desempenho na renderização dos argumentos');
insert into `tp` (`author`, `conclusion`, `created_at`, `desc`, `dev_contact`, `drive_doc_id`, `group_id`, `id`, `incidents_count`, `prev_conclusion`, `root_cause`, `title`) values ('26105e3a-dc72-49e2-9c05-b139e85632a0', NULL,                    now() - interval 35 day, 'Dado o fluxo de dados atual, o gerenciador de dependências do frontend causou a race condition do carregamento de JSON delimitado por linhas. ',                         '', NULL,                                 'd1d370af-f9fe-4697-9db1-6240769992cf', 'd080dcf2-3508-496a-b08c-acad79c9257b', 1,  now() + interval 9 day,  NULL,                                   'Bug no banco de dados dificultou a resolucao de conflito');
insert into `tp` (`author`, `conclusion`, `created_at`, `desc`, `dev_contact`, `drive_doc_id`, `group_id`, `id`, `incidents_count`, `prev_conclusion`, `root_cause`, `title`) values ('293f7472-76d8-4b09-8547-f794d4824470', NULL,                    now() - interval 35 day, 'Fala pro cliente que o último pull request desse SCRUM gerou um bug na criação de novos polyfills para suportar os processos.',                                          '', NULL,                                 'da016800-653e-41f4-a94f-fe3110b9b13a', 'd1f074d6-228a-40ef-a865-c41d7797548b', 6,  now() + interval 9 day,  NULL,                                   'A compilação final do programa crashou o serviço');
insert into `tp` (`author`, `conclusion`, `created_at`, `desc`, `dev_contact`, `drive_doc_id`, `group_id`, `id`, `incidents_count`, `prev_conclusion`, `root_cause`, `title`) values ('49fededa-47e9-4da5-bd94-3e873b0880f6', NULL,                    now() - interval 35 day, 'Com este commit, a normalização da data causou a race condition na interpolação dinâmica de strings.',                                                                   '', NULL,                                 'ef602e3c-31ee-40b7-8a9e-50b1a3460b57', 'da3f175d-1341-40db-a7c0-e7f32d1304ca', 3,  now() + interval 6 day,  NULL,                                   'Um erro nao identificado superou o desempenho da renderizacao de floats parciais');
insert into `tp` (`author`, `conclusion`, `created_at`, `desc`, `dev_contact`, `drive_doc_id`, `group_id`, `id`, `incidents_count`, `prev_conclusion`, `root_cause`, `title`) values ('8869c33d-1240-46e4-a113-20e3d50c6c08', NULL,                    now() - interval 35 day, 'Desde ontem a noite o gerenciador de dependências do frontend complexificou o merge na criação de novos polyfills para suportar os processos.',                          '', NULL,                                 'ba781d09-eb65-4a2f-a564-390a63b9e65e', 'db8c077d-ffda-44d3-b637-55d5213f660e', 1,  now() + interval 6 day,  NULL,                                   'Deploy automatizado no Heroku causou o bug no servidor de DNS');
insert into `tp` (`author`, `conclusion`, `created_at`, `desc`, `dev_contact`, `drive_doc_id`, `group_id`, `id`, `incidents_count`, `prev_conclusion`, `root_cause`, `title`) values ('293f7472-76d8-4b09-8547-f794d4824470', NULL,                    now() - interval 35 day, 'Explica pro Product Onwer que o serviço de autorizações realizou operações duplicadas na criação de novos polyfills para suportar os processos.',                        '', NULL,                                 'b7f9c9f9-0cb8-4c71-85b1-4c4fbedeeab7', 'e0c1051d-f46d-4595-93eb-e4279f10db46', 1,  now() + interval 6 day,  NULL,                                   'A UI de autenticação dificultou a resolução de conflito do fluxo de dados');
insert into `tp` (`author`, `conclusion`, `created_at`, `desc`, `dev_contact`, `drive_doc_id`, `group_id`, `id`, `incidents_count`, `prev_conclusion`, `root_cause`, `title`) values ('293f7472-76d8-4b09-8547-f794d4824470', NULL,                    now() - interval 35 day, 'Explica pro Product Onwer que a atualização nas tabelas do banco de dados apresentou um loop infinito de uma configuração Webpack eficiente nos builds.',                '', NULL,                                 'c3dadcb4-de38-4b0e-8e21-1a5a583f5a76', 'ee2e68f4-58ca-4235-812a-897b07085008', 5,  now() + interval 3 day,  NULL,                                   'A atualização nas tabelas do banco de dados está apresentando dados imprecisos');
insert into `tp` (`author`, `conclusion`, `created_at`, `desc`, `dev_contact`, `drive_doc_id`, `group_id`, `id`, `incidents_count`, `prev_conclusion`, `root_cause`, `title`) values ('293f7472-76d8-4b09-8547-f794d4824470', NULL,                    now() - interval 35 day, 'Fala pro cliente que o gerenciador de dependências do frontend diminuiu o desempenho na organização alfanumérico dos arrays multidimensionais.',                         '', NULL,                                 'd1d370af-f9fe-4697-9db1-6240769992cf', 'fbbcc39c-e32f-4d75-967d-d01c6e08331a', 16, now() + interval 3 day,  NULL,                                   'A estrutura atual da organização causou uma excessão no servidor');
insert into `tp` (`author`, `conclusion`, `created_at`, `desc`, `dev_contact`, `drive_doc_id`, `group_id`, `id`, `incidents_count`, `prev_conclusion`, `root_cause`, `title`) values ('cadc1707-6a2b-4b3a-a979-b546551cc1d6', now() - interval 30 day, now() - interval 35 day, 'Usuários relataram que o servidor desliga quando fazem y ações',                                                                                                         '', '1ZqYFtiVBxecZt_4pCKMlWGM6523PqiBr',  'c3dadcb4-de38-4b0e-8e21-1a5a583f5a76', '011f43f0-1662-4ed2-b166-f12232f66c1a', 13, now() + interval 3 day,  '0734c2b1-3f29-4752-807c-5fbd133ca7ba', 'Problema de Superarquecimento');
insert into `tp` (`author`, `conclusion`, `created_at`, `desc`, `dev_contact`, `drive_doc_id`, `group_id`, `id`, `incidents_count`, `prev_conclusion`, `root_cause`, `title`) values ('49fededa-47e9-4da5-bd94-3e873b0880f6', now() - interval 25 day, now() - interval 35 day, 'Sistema deve restringir um CPF por pessoa',                                                                                                                              '', '10YvXVE7DqCms80EE7cKdAaZPfqY0OIsB',  'b7f9c9f9-0cb8-4c71-85b1-4c4fbedeeab7', '2d30f2ca-2b5c-46da-92b7-c5e11633c77f', 4,  now() - interval 35 day, '0734c2b1-3f29-4752-807c-5fbd133ca7ba', 'Possibilidade de cadastrar um mesmo CPF em mais de uma conta');
insert into `tp` (`author`, `conclusion`, `created_at`, `desc`, `dev_contact`, `drive_doc_id`, `group_id`, `id`, `incidents_count`, `prev_conclusion`, `root_cause`, `title`) values ('b2ee0ef7-e9c0-4fc7-8b41-4d91410886eb', now() - interval 20 day, now() - interval 35 day, 'Desde ontem a noite o deploy automatizado no Heroku gerou um bug na organização alfanumérico dos arrays multidimensionais',                                              '', '1jAKpf0Ru9AGOUWE81sXHol0_Uyz-QmEX',  'ef602e3c-31ee-40b7-8a9e-50b1a3460b57', '37112a35-187b-4001-b31b-a3eda15e9c52', 5,  now() - interval 20 day, 'e83090fb-b29a-4031-8cdc-7b718efe9c61', 'O gerenciador de dependências do frontend afetou o desempenho na renderização dos argumentos');
insert into `tp` (`author`, `conclusion`, `created_at`, `desc`, `dev_contact`, `drive_doc_id`, `group_id`, `id`, `incidents_count`, `prev_conclusion`, `root_cause`, `title`) values ('dd93c517-7e78-4f5e-ac44-08af742629fc', now() - interval 15 day, now() - interval 35 day, 'A equipe de suporte precisa saber que a compilação final do programa deletou todas as entradas de uma configuração Webpack eficiente nos builds.',                       '', '1m1CfEcsgwIJZdp0WJgZdvDCtGK_E9JhN',  'da016800-653e-41f4-a94f-fe3110b9b13a', '3c01880c-e945-4507-ad3a-febb1c94ebf4', 1,  now() - interval 12 day, '3f60031f-2177-4d51-9c3f-f4cf2bffed6c', 'Falha de segurança no módulo de recursão paralela');
insert into `tp` (`author`, `conclusion`, `created_at`, `desc`, `dev_contact`, `drive_doc_id`, `group_id`, `id`, `incidents_count`, `prev_conclusion`, `root_cause`, `title`) values ('75f5bc62-8d01-4e4f-854f-99e9c77d9264', now() - interval 9 day,  now() - interval 35 day, 'Fala pro cliente que a compilação final do programa está apresentando dados imprecisos de compilação multi-plataforma de forma asincrona.',                              '', '1A1HEHdMjijy1sSecNBAoe08wl2VwOSLw',  'b7f9c9f9-0cb8-4c71-85b1-4c4fbedeeab7', 'c97607aa-1e86-4fbb-8e49-712096313a51', 2,  now() - interval 8 day,  'a614f554-e67f-4547-8f43-c344d58bd594', 'A atualização nas tabelas do banco de dados crashou o serviço');
insert into `tp` (`author`, `conclusion`, `created_at`, `desc`, `dev_contact`, `drive_doc_id`, `group_id`, `id`, `incidents_count`, `prev_conclusion`, `root_cause`, `title`) values ('58d77495-260e-4cce-b037-9010dac06243', now() - interval 6 day,  now() - interval 35 day, 'O sistema não deveria permitir que usuário cadastre um CPF inválido ',                                                                                                   '', '1l-04FYEkJYHkgetSIePl1EUjjguv74Ay',  'e722557f-753f-4ecc-af16-652797cd3a62', 'd3132f1e-e2cc-408f-9f83-290d7009d94b', 2,  now() - interval 4 day,  'e83090fb-b29a-4031-8cdc-7b718efe9c61', 'Possibilidade de cadastrar CPF que nao existe ');
insert into `tp` (`author`, `conclusion`, `created_at`, `desc`, `dev_contact`, `drive_doc_id`, `group_id`, `id`, `incidents_count`, `prev_conclusion`, `root_cause`, `title`) values ('7b3ba188-4e06-4e4b-9776-143a91664893', now() - interval 3 day,  now() - interval 35 day, 'Analistas perceberam que é possível cadastrar com um e-mail inválido. É importante corrigir isso porque blablabla',                                                      '', '1NwIwzAjjov1Nh91Ypbc8mL2TBaC4Bahh',  'e722557f-753f-4ecc-af16-652797cd3a62', 'dd8f14d7-0542-4ebc-9ce8-6bed2b1ecc56', 3,  now() + interval 3 day,  '2db506ef-34a5-4142-8544-8283226ddc63', 'Possibilidade de se cadastrar com um e-mail inválido');
insert into `tp` (`author`, `conclusion`, `created_at`, `desc`, `dev_contact`, `drive_doc_id`, `group_id`, `id`, `incidents_count`, `prev_conclusion`, `root_cause`, `title`) values ('26105e3a-dc72-49e2-9c05-b139e85632a0', now() - interval 1 day,  now() - interval 35 day, 'Usuários estão recebendo Olá, %NAME% ao invés de seus respectivos nomes',                                                                                                '', '1yk2jgEDEUwteEfwOqzS4wRWu8n1LU5Um',  '9704b711-f83c-4734-a113-d8706fb33aa6', 'eb77c4da-54e8-45b7-90d7-f1e3e9da9255', 2,  now() + interval 1 day,  '05bba21a-9a30-42e8-a0b4-17778d609193', 'Bug nos relatorios enviados por email');

###########

insert into `group_users` (`group_id`, `user_id`) values ('56bbbcb6-077e-48a3-8dda-305c2450445f', '01f9e8a8-2f7f-4dd0-adbe-707ca34cdadb');
insert into `group_users` (`group_id`, `user_id`) values ('56bbbcb6-077e-48a3-8dda-305c2450445f', '3cc114e7-0375-42b3-98c7-903354f28fa3');
insert into `group_users` (`group_id`, `user_id`) values ('56bbbcb6-077e-48a3-8dda-305c2450445f', '4d3d87df-a6ed-4495-8986-b233dd2eb94f');
insert into `group_users` (`group_id`, `user_id`) values ('56bbbcb6-077e-48a3-8dda-305c2450445f', '5c96c0dc-c68f-4133-95a9-14f6fe567ccc');
insert into `group_users` (`group_id`, `user_id`) values ('56bbbcb6-077e-48a3-8dda-305c2450445f', '75f5bc62-8d01-4e4f-854f-99e9c77d9264');
insert into `group_users` (`group_id`, `user_id`) values ('56bbbcb6-077e-48a3-8dda-305c2450445f', '76937e61-931d-4997-81ef-4f1e3a8a41c2');
insert into `group_users` (`group_id`, `user_id`) values ('56bbbcb6-077e-48a3-8dda-305c2450445f', '7e5d2bfe-8832-468a-a600-92b50aec41bc');
insert into `group_users` (`group_id`, `user_id`) values ('56bbbcb6-077e-48a3-8dda-305c2450445f', '8869c33d-1240-46e4-a113-20e3d50c6c08');
insert into `group_users` (`group_id`, `user_id`) values ('56bbbcb6-077e-48a3-8dda-305c2450445f', 'ac17f39a-0837-40e5-8660-f689162da1ba');
insert into `group_users` (`group_id`, `user_id`) values ('56bbbcb6-077e-48a3-8dda-305c2450445f', 'cadc1707-6a2b-4b3a-a979-b546551cc1d6');
insert into `group_users` (`group_id`, `user_id`) values ('9704b711-f83c-4734-a113-d8706fb33aa6', '01f9e8a8-2f7f-4dd0-adbe-707ca34cdadb');
insert into `group_users` (`group_id`, `user_id`) values ('9704b711-f83c-4734-a113-d8706fb33aa6', '0f849450-7f55-4f61-a4a7-49a2fa9ad2a5');
insert into `group_users` (`group_id`, `user_id`) values ('9704b711-f83c-4734-a113-d8706fb33aa6', '26105e3a-dc72-49e2-9c05-b139e85632a0');
insert into `group_users` (`group_id`, `user_id`) values ('9704b711-f83c-4734-a113-d8706fb33aa6', '49fededa-47e9-4da5-bd94-3e873b0880f6');
insert into `group_users` (`group_id`, `user_id`) values ('9704b711-f83c-4734-a113-d8706fb33aa6', '69a59040-5ba5-4197-982c-f7569501d5f0');
insert into `group_users` (`group_id`, `user_id`) values ('9704b711-f83c-4734-a113-d8706fb33aa6', '7b3ba188-4e06-4e4b-9776-143a91664893');
insert into `group_users` (`group_id`, `user_id`) values ('9704b711-f83c-4734-a113-d8706fb33aa6', 'cc206a9e-208a-4587-83ca-cd20e644adc8');
insert into `group_users` (`group_id`, `user_id`) values ('9704b711-f83c-4734-a113-d8706fb33aa6', 'dd93c517-7e78-4f5e-ac44-08af742629fc');
insert into `group_users` (`group_id`, `user_id`) values ('b7f9c9f9-0cb8-4c71-85b1-4c4fbedeeab7', '4866461a-a27b-4539-926d-28b077490fa8');
insert into `group_users` (`group_id`, `user_id`) values ('b7f9c9f9-0cb8-4c71-85b1-4c4fbedeeab7', 'd3ea046a-b47e-45ad-aa16-8e91973206e8');
insert into `group_users` (`group_id`, `user_id`) values ('ba781d09-eb65-4a2f-a564-390a63b9e65e', '0f849450-7f55-4f61-a4a7-49a2fa9ad2a5');
insert into `group_users` (`group_id`, `user_id`) values ('ba781d09-eb65-4a2f-a564-390a63b9e65e', '293f7472-76d8-4b09-8547-f794d4824470');
insert into `group_users` (`group_id`, `user_id`) values ('ba781d09-eb65-4a2f-a564-390a63b9e65e', '46e3b2e9-a007-4f17-afba-a9db2ed6fade');
insert into `group_users` (`group_id`, `user_id`) values ('ba781d09-eb65-4a2f-a564-390a63b9e65e', '4866461a-a27b-4539-926d-28b077490fa8');
insert into `group_users` (`group_id`, `user_id`) values ('ba781d09-eb65-4a2f-a564-390a63b9e65e', 'cc206a9e-208a-4587-83ca-cd20e644adc8');
insert into `group_users` (`group_id`, `user_id`) values ('c3dadcb4-de38-4b0e-8e21-1a5a583f5a76', '293f7472-76d8-4b09-8547-f794d4824470');
insert into `group_users` (`group_id`, `user_id`) values ('c3dadcb4-de38-4b0e-8e21-1a5a583f5a76', '3e8e8927-4699-465a-b1bb-5cb84ef43115');
insert into `group_users` (`group_id`, `user_id`) values ('c3dadcb4-de38-4b0e-8e21-1a5a583f5a76', '58d77495-260e-4cce-b037-9010dac06243');
insert into `group_users` (`group_id`, `user_id`) values ('d1d370af-f9fe-4697-9db1-6240769992cf', '26105e3a-dc72-49e2-9c05-b139e85632a0');
insert into `group_users` (`group_id`, `user_id`) values ('d1d370af-f9fe-4697-9db1-6240769992cf', '75f5bc62-8d01-4e4f-854f-99e9c77d9264');
insert into `group_users` (`group_id`, `user_id`) values ('d1d370af-f9fe-4697-9db1-6240769992cf', '7e5d2bfe-8832-468a-a600-92b50aec41bc');
insert into `group_users` (`group_id`, `user_id`) values ('d1d370af-f9fe-4697-9db1-6240769992cf', 'ac17f39a-0837-40e5-8660-f689162da1ba');
insert into `group_users` (`group_id`, `user_id`) values ('da016800-653e-41f4-a94f-fe3110b9b13a', '7b3ba188-4e06-4e4b-9776-143a91664893');
insert into `group_users` (`group_id`, `user_id`) values ('da016800-653e-41f4-a94f-fe3110b9b13a', 'a210d621-76a4-416a-b103-79d745aa41ad');
insert into `group_users` (`group_id`, `user_id`) values ('e5aaae18-104e-4c23-aeab-f16c3e2f816f', '1161ae4d-84c7-44e3-8ba5-2bccf52aaa1b');
insert into `group_users` (`group_id`, `user_id`) values ('e5aaae18-104e-4c23-aeab-f16c3e2f816f', '3cc114e7-0375-42b3-98c7-903354f28fa3');
insert into `group_users` (`group_id`, `user_id`) values ('e5aaae18-104e-4c23-aeab-f16c3e2f816f', '49fededa-47e9-4da5-bd94-3e873b0880f6');
insert into `group_users` (`group_id`, `user_id`) values ('e5aaae18-104e-4c23-aeab-f16c3e2f816f', '5c96c0dc-c68f-4133-95a9-14f6fe567ccc');
insert into `group_users` (`group_id`, `user_id`) values ('e5aaae18-104e-4c23-aeab-f16c3e2f816f', 'd3952e5a-6b1b-455c-9d65-acaa6aacd1b2');
insert into `group_users` (`group_id`, `user_id`) values ('e5aaae18-104e-4c23-aeab-f16c3e2f816f', 'dd93c517-7e78-4f5e-ac44-08af742629fc');
insert into `group_users` (`group_id`, `user_id`) values ('e5aaae18-104e-4c23-aeab-f16c3e2f816f', 'fc6bf597-55bd-4a65-89c6-b72736ff4249');
insert into `group_users` (`group_id`, `user_id`) values ('e722557f-753f-4ecc-af16-652797cd3a62', '1161ae4d-84c7-44e3-8ba5-2bccf52aaa1b');
insert into `group_users` (`group_id`, `user_id`) values ('e722557f-753f-4ecc-af16-652797cd3a62', '4d3d87df-a6ed-4495-8986-b233dd2eb94f');
insert into `group_users` (`group_id`, `user_id`) values ('e722557f-753f-4ecc-af16-652797cd3a62', '69a59040-5ba5-4197-982c-f7569501d5f0');
insert into `group_users` (`group_id`, `user_id`) values ('e722557f-753f-4ecc-af16-652797cd3a62', '76937e61-931d-4997-81ef-4f1e3a8a41c2');
insert into `group_users` (`group_id`, `user_id`) values ('e722557f-753f-4ecc-af16-652797cd3a62', '7ea6c127-ae68-475e-b9ca-02666895f5a5');
insert into `group_users` (`group_id`, `user_id`) values ('e722557f-753f-4ecc-af16-652797cd3a62', 'cadc1707-6a2b-4b3a-a979-b546551cc1d6');
insert into `group_users` (`group_id`, `user_id`) values ('e722557f-753f-4ecc-af16-652797cd3a62', 'fc6bf597-55bd-4a65-89c6-b72736ff4249');
insert into `group_users` (`group_id`, `user_id`) values ('ef602e3c-31ee-40b7-8a9e-50b1a3460b57', '1cc24240-7251-4916-aab8-3aed627e8ff0');
insert into `group_users` (`group_id`, `user_id`) values ('ef602e3c-31ee-40b7-8a9e-50b1a3460b57', '3e8e8927-4699-465a-b1bb-5cb84ef43115');
insert into `group_users` (`group_id`, `user_id`) values ('ef602e3c-31ee-40b7-8a9e-50b1a3460b57', '8869c33d-1240-46e4-a113-20e3d50c6c08');
insert into `group_users` (`group_id`, `user_id`) values ('ef602e3c-31ee-40b7-8a9e-50b1a3460b57', 'b2ee0ef7-e9c0-4fc7-8b41-4d91410886eb');
insert into `group_users` (`group_id`, `user_id`) values ('ef602e3c-31ee-40b7-8a9e-50b1a3460b57', 'd3ea046a-b47e-45ad-aa16-8e91973206e8');

###########

insert into `report` (`created_at`, `cron`, `group_count`, `id`, `issue_count`, `late_issues`, `solution_count`, `solved_issues`, `solving_issues_avg`, `user_count`) values ('2023-07-24 22:49:20', '0 0 * * 6', 0, 1, 0, 0, 0, 0, 0, 0);
insert into `report` (`created_at`, `cron`, `group_count`, `id`, `issue_count`, `late_issues`, `solution_count`, `solved_issues`, `solving_issues_avg`, `user_count`) values ('2023-05-11 05:08:24', NULL, 7, 3, 18, 5, 17, 6, 9, 20);